smiles,klebsiella_pneumoniae
Brc1ccc2ncccc2c1,0.004676601383835077
Brc1ccc2ncncc2c1,0.005991225130856037
Brc1ccccc1,0.0037746643647551537
C,0.003997967578470707
C#C[C@]1(O)[C@H](C)CCO[C@H]1C,0.0006480150041170418
C/C1=C/C=C/[C@H](C)[C@H](O)[C@@H](C)[C@@H](O)[C@@H](C)C[C@H](C)C/C=C/O[C@@]2(C)Oc3c(C)c(O)c4c(=O)c(c5oc6cccc(O)c6nc-5c4c3C2=O)NC1=O,0.004877172876149416
C/C1=C/C=C/[C@H](C)[C@H](O)[C@@H](C)[C@@H](O)[C@@H](C)C[C@H](C)C/C=C/O[C@@]2(C)Oc3c(C)c(O)c4c(O)c(c(/C=N/N5CCN(C)CC5)c(O)c4c3C2=O)NC1=O,0.07364864647388458
C/C1=C/C=C/[C@H](C)[C@H](O)[C@@H](C)[C@@H](O)[C@@H](C)C[C@H](C)C/C=C/O[C@@]2(C)Oc3c(C)c(O)c4c(O)c(c(/C=N/N5CCNCC5)c(O)c4c3C2=O)NC1=O,0.03683466836810112
C/C1=C/C=C/[C@H](C)[C@H](O)[C@@H](C)[C@@H](O)[C@@H](C)C[C@H](C)C/C=C/O[C@@]2(C)Oc3c(C)c(O)c4c(O)c(c(/C=N/N=C(\C)N)c(O)c4c3C2=O)NC1=O,0.012590477243065834
C/C1=C/C=C/[C@H](C)[C@H](O)[C@@H](C)[C@@H](O)[C@@H](C)C[C@H](C)C/C=C/O[C@@]2(C)Oc3c(C)c(O)c4c(O)c(c5c(nc6cc(C)ccn65)c4c3C2=O)NC1=O,0.010603290051221848
C/C1=C/C=C/[C@H](C)[C@H](O)[C@@H](C)[C@@H](O)[C@@H](C)C[C@H](C)C/C=C/O[C@@]2(C)Oc3c(C)c(O)c4c(O)c(c5scnc5c4c3C2=O)NC1=O,0.03853999823331833
C/C1=C/C=C/[C@H](C)[C@H](O)[C@@H](C)[C@@H](O)[C@@H](C)C[C@H](C)C/C=C/O[C@@]2(C)Oc3c(C)c(O)c4c(O)c(cc(O)c4c3C2=O)NC1=O,0.024970432743430138
C/C1=C/C=C/[C@H](C)[C@H](O)[C@@H](C)[C@@H](O)[C@@H](C)C[C@H](C)C/C=C/O[C@@]2(C)Oc3c(C)c(O)c4c(O)c(ccc4c3C2=O)NC1=O,0.004869690630584955
C/C1=C/C=C/[C@H](C)[C@H](O)[C@@H](C)[C@@H](O)[C@@H](C)C[C@H](C)C/C=C/O[C@@]2(C)Oc3c(C)c(O)c4c(c3C2=O)C2=NC3(CCNCC3)NC2=C(NC1=O)C4=O,0.10455935448408127
C/C1=C/C=C/[C@H](C)[C@H](O)[C@@H](C)[C@@H](O)[C@@H](C)C[C@H](C)C/C=C/O[C@@]2(C)Oc3c(C)c([O-])c4c(O)c(cc(O)c4c3C2=O)NC1=O,0.031282857060432434
C/C1=C/C=C\[C@@H](C)[C@@H](O)[C@@H](C)[C@@H](O)[C@@H](C)C[C@H](C)C/C=C\O[C@@]2(C)Oc3c(C)c(O)c4c(c3C2=O)[C@]2(C=C(NC1=O)C4=O)OCC(=O)O2,0.007245785556733608
C/C1=C/C=C\[C@H](C)[C@H](O)[C@@H](C)[C@@H](O)[C@@H](C)C[C@H](C)C/C=C\O[C@@]2(C)Oc3c(C)c(O)c4c(O)c(c(/C=N/N=C/N5CCCCC5)c(O)c4c3C2=O)NC1=O,0.005183383822441101
C/C1=C\C(C)COC(=O)CC(O)C(C)CCC(O)CCCC(O)CCCC(O)/C(C)=C/CC(O)CC(O)CC(O)CC(O)CC(O)CCCC1,0.002117638709023595
C/C1=C\C=C\C=C\C=C\C=C\[C@H](O)[C@@H](C)OC(=O)C[C@@H](O)C[C@@H](O)C[C@@H](O)C[C@@H](O)C[C@@H](O)C[C@@H](O)[C@@H](O)[C@@H]1O,0.001974396640434861
C/C1=C\[C@H](C)[C@@H](O)CC[C@H](C)Cc2cc(O)cc(c2O)NC(=O)/C(C)=C/C=C\CC1,0.0014226303901523352
C/C=C\C,0.0013593691401183605
C/C=N/NC=O,0.0013568050926551223
C1C2CC3CC1CC(C2)C3,0.0009019857970997691
C1CC1,0.0021906914189457893
C1CCCC1,0.0010696392273530364
C1CCCCC1,0.0010491781868040562
C1CCNC1,0.001016657566651702
C1CCNCC1,0.0009710739250294864
C1CCOC1,0.000978353200480342
C1CC[NH2+]C1,0.0010440873447805643
C1CN(C2=NCCS2)C1,0.0007191625190898776
C1CN2CCC1CC2,0.0007599291857331991
C1CNC2CNCC2C1,0.0007073038723319769
C1CNCCN1,0.00107695406768471
C1CNCCNC1,0.0008045647409744561
C1CN[C@@H]2CNC[C@@H]2C1,0.0007073038723319769
C1CO1,0.002988114720210433
C1COCCN1,0.000998184666968882
C1CSCCN1,0.0014299574540928006
C=C1/C=C/[C@H](C)CCC[C@](C)(O)C(=O)/C=C/[C@@H]2O[C@H]2C[C@@H](C)O1,0.0016515934839844704
C=C1CCO[C@H]2NC(=O)[C@@]1(O)NC2=O,0.0012824778677895665
C=C1c2c(Cl)ccc(O)c2C(=O)C2=C(O)[C@]3(O)C(=O)C(C(N)=O)=C(O)C[C@@H]3[C@@H](O)[C@H]12,0.18732121586799622
C=C1c2cccc(O)c2C(=O)C2=C(O)C3(O)C(=O)C(C(N)=O)=C(O)CC3C(O)C12,0.2121032029390335
C=C1c2cccc(O)c2C(=O)C2=C(O)[C@]3(O)C(=O)C(C(N)=O)=C(O)C[C@@H]3[C@@H](O)[C@H]12,0.2121032029390335
C=C1c2cccc(O)c2C(=O)[C@@H]2C(=O)[C@]3(O)C(=O)CC(=O)C[C@@H]3[C@@H](O)[C@H]12,0.021900394931435585
C=CC,0.002280075801536441
C=CC1=C(C(=O)O)N2C(=O)CC2SC1,0.0034854949917644262
C=CC1=C(C(=O)O)N2C(=O)C[C@H]2SC1,0.0034854949917644262
C=C[C@]1(C)CC[C@]2(C)[C@H](C)CC[C@]3(CCC(=O)[C@@H]23)[C@@H](C)[C@@H]1O,0.000961425481364131
C=C[C@]1(O)[C@H](C)CCO[C@H]1C,0.0007253155927173793
C=O,0.013419067487120628
CC,0.003076088847592473
CC#C[C@@]1(O)[C@H](C)OCC[C@@H]1C,0.0006262533133849502
CC#C[C@]1(O)[C@H](C)CCO[C@H]1C,0.0006262207170948386
CC#N,0.00301281176507473
CC(=N)N1CCCC1,0.000658601988106966
CC(=N[O-])C(C)C,0.0009436716791242361
CC(=O)/N=C1\[C@H](C)C[C@]2(C)C[C@@H](C)C(=O)[C@@H](C)C(=O)OC[C@@](C)(O)[C@H](OC/C(=N\O)CO2)[C@H]1C,0.0019015967845916748
CC(=O)C=O,0.005518252030014992
CC(=O)CC=O,0.0014332298887893558
CC(=O)O,0.002756425179541111
CC(=O)[O-],0.0035935326013714075
CC(C)(C)C,0.00091320596402511
CC(C)(C)C=O,0.0010588556760922074
CC(C)(NN)C(=O)O,0.0007746817427687347
CC(C)/N=c1/ccc2nc3ccccc3[nH]c-2c1,0.0012353882193565369
CC(C)=NNC(=N)N,0.000785689742770046
CC(C)C,0.00110649096313864
CC(C)C(=O)O,0.0009134317515417933
CC(C)C(=O)[O-],0.0009794593788683414
CC(C)C=O,0.0013907208340242505
CC(C)CC(C)(C)C,0.0007145922863855958
CC(C)CC=O,0.0010269834892824292
CC(C)Cl,0.0020053209736943245
CC(C)O,0.0011478797532618046
CC(F)(F)F,0.002086435444653034
CC(O)(CO)CO,0.000760258233640343
CC(O)CCl,0.0015231468714773655
CC1(C)CCC(O)CC1,0.0006471684318967164
CC1(C)CCC(O)CO1,0.0006455344264395535
CC1(C)CC[C@@H](O)CO1,0.0006455344264395535
CC1(C)CN2C(=O)CC2S1,0.0008509740000590682
CC1(C)CN2C(=O)CC2S1(=O)=O,0.0013342651072889566
CC1(C)CN2C(=O)C[C@@H]2S1,0.0008509740000590682
CC1(C)CN2C(=O)C[C@H]2S1,0.0008509740000590682
CC1(C)CN2C(=O)C[C@H]2S1(=O)=O,0.0013342651072889566
CC1(C)CN2C(=O)[C@@H](/N=C/N3CCCCCC3)[C@H]2S1,0.0008310103439725935
CC1(C)CO[C@@H](O)[C@@H](O)[C@@H]1O,0.0006979872123338282
CC1(C)CO[C@@H](O)[C@H](O)[C@@H]1O,0.0006979872123338282
CC1(C)C[C@H](O)[C@H](O)CO1,0.0006465333863161504
CC1(C)NCC(=O)N1,0.0007648781174793839
CC1(N)CNCNC1,0.0007432666607201099
CC1(O)COCC(O)C1,0.0006860561552457511
CC1(O)c2c(Cl)ccc(O)c2C(=O)C2=C(O)C3(O)C(=O)C(C(N)=O)=C(O)CC3CC21,0.2532415986061096
CC1(O)c2cccc(O)c2C(=O)C2=C(O)C3(O)C(=O)C(C(N)=O)=C(O)CC3C(O)C21,0.1847466379404068
CC1(O)c2cccc(O)c2C(=O)C2=C(O)C3(O)C(=O)C(C(N)=O)=C(O)CC3CC21,0.24364641308784485
CC1/C=C/C=C/C=C/C=C/C=C/C=C/C=C/CCC(O)CC(O)CC(=O)CC(O)CC(O)CC(O)CC(=O)CCCC(=O)CC(=O)OC1,0.0011958791874349117
CC1/C=C/C=C/C=C/C=C/C=C/C=C/C=C/CCC2CC(O)CC(O)(CC(O)CC(O)CC(O)CC(O)CC(=O)CC(O)CC(=O)OC1)O2,0.001126798102632165
CC1=C(C(=O)O)N2C(=O)CC2SC1,0.0030201333574950695
CC1=C(C(=O)O)N2C(=O)C[C@H]2OC1,0.0022053206339478493
CC1=C(C(=O)O)N2C(=O)C[C@H]2S1,0.004126226995140314
CC1=C(C(=O)O)N2C(=O)C[C@H]2SC1,0.0030201333574950695
CC1=C(C(=O)[O-])N2C(=O)CC2OC1,0.003340262221172452
CC1=C(C(=O)[O-])N2C(=O)CC2SC1,0.00429100077599287
CC1=C(C(=O)[O-])N2C(=O)C[C@H]2SC1,0.00429100077599287
CC1=C(C=O)N2C(=O)CC2SC1,0.0034233846236020327
CC1=C(C=O)N2C(=O)C[C@H]2SC1,0.0034233846236020327
CC1=C(N)C(=O)C2=C(C1=O)N1CC3NC3C1C2,0.003703880589455366
CC1=C(N)C(=O)C2=C(C1=O)N1C[C@H]3N[C@H]3[C@@H]1C2,0.00368707999587059
CC1=C(N)C(=O)C2=C(C1=O)N1C[C@H]3[C@@H]([C@H]1C2)N3C,0.002556447871029377
CC1=C2O[C@](C)(C1)C[C@@H](C)C[C@@H](C)C(=O)OC[C@@H](C)C(=O)[C@H]2C,0.0010671848431229591
CC1=C2O[C@](C)(C1)C[C@@H](C)C[C@@H](C)C(=O)OC[C@@](C)(O)[C@H](O)[C@H]2C,0.0010074549354612827
CC1=C2O[C@](C)(C1)C[C@@H](C)C[C@@H](C)C(=O)OC[C@H](C)[C@H](O)[C@H]2C,0.0008899373933672905
CC1=CC=CC(C)C(O)C(C)C(O)C(C)CC(C)CC=COC2(C)Oc3c(C)c(O)c4c(O)c(c(C=NN5CCN(C)CC5)c(O)c4c3C2=O)NC1=O,0.3322266936302185
CC1=CC=CC(C)C(O)C(C)C(O)C(C)CC(C)CC=COC2(C)Oc3c(C)c(O)c4c(O)c(c(C=NN5CCNCC5)c(O)c4c3C2=O)NC1=O,0.14970499277114868
CC1=CC=CC(C)C(O)C(C)C(O)C(C)CC(C)CC=COC2(C)Oc3c(C)c(O)c4c(O)c(c5c(nc6cc(C)ccn65)c4c3C2=O)NC1=O,0.0313289500772953
CC1=CC[C@@H](N)CO1,0.000735089706722647
CC1=C\CCOC(=O)/C(C)=C/C=C/C[C@H](O)/C(C)=C/CC\C(C)=C\1,0.0010281925788149238
CC1=C\CCOC(=O)C[C@@H](O)[C@H](C)CCC[C@@H](C)C(=O)\C=C\1,0.0019616498611867428
CC1=C\C[C@H](O)/C=C/C(C)=C/C[C@]2(C)C(=O)O[C@H](CC/C=C/1)[C@@H](C)C2=O,0.001909410348162055
CC1=C\[C@@H](O)CC(=O)Cc2nc(co2)C(=O)N2CCC=C2C(=O)OC[C@H](C)/C=C/C(=O)NC\C=C\1,0.0011383483652025461
CC1=C\[C@H](C)COC(=O)C[C@@H](O)[C@H](C)CCC[C@@H](C)C(=O)\C=C\1,0.0020542992278933525
CC1C(S)=C(C(=O)O)N2C(=O)CC12,0.00517659867182374
CC1C/C=C/C=C/[C@H](O)[C@H](C)CCCCCCC(=O)O1,0.0012675640173256397
CC1C=CC=CC=CC=CC=CC=CC=CCCC2CC(O)CC(O)(CC(O)CC(O)CC(O)CC(O)CCCC(=O)CC(=O)OC1)O2,0.0024720835499465466
CC1C=CC=CC=CC=CC=CC=CC=CCCC2CC(O)CC(O)(CC(O)CC(O)CCCC(O)CC(O)CC(=O)CC(=O)OC1)O2,0.00268926820717752
CC1CC(=O)C2(O)OC3CC(O)CC(O)C3OC2O1,0.015865709632635117
CC1CC(=O)N1S(=O)(=O)O,0.012729699723422527
CC1CC(C)(O)CCO1,0.0006691721500828862
CC1CC(C)C(=O)C(C)C(=O)OCC2(C)OC(=O)NC2C(C)C(=O)C(C)C1,0.0061599984765052795
CC1CC(C)C(=O)OCC(C)(O)C(O)C(C)C(=NOCO)C(C)CC(C)(O)C1,0.001973015023395419
CC1CC(C)C(=O)OCC(C)(O)C(O)C(C)C(=O)C(C)CC(C)(O)C1,0.002757599111646414
CC1CC(C)C(=O)OCC(C)(O)C(O)C(C)N(C)CC(C)CC(C)(O)C1,0.0022020433098077774
CC1CC(C)CC(C)C(=O)C(C)C(O)C(C)(O)COC(=O)C(C)C1,0.002106082858517766
CC1CC=CC=CC(O)C(C)CCCCC(O)CC(=O)O1,0.0016977832419797778
CC1CCC(C(C)C)C(O)C1,0.0006225298275239766
CC1CCC(O)CO1,0.0007357508293353021
CC1CCC2(C)C(C=O)=CCCC2C1(C)C,0.0008620323496870697
CC1CCC2(C)C(C=O)=CCCC2C1C,0.0009183015208691359
CC1CCCCC1,0.0008810317958705127
CC1CCOC(C)C1O,0.0007137779030017555
CC1CCc2cc(F)cc3c(=O)ccn1c23,0.0043180231004953384
CC1CN2C(=O)CC2S1(=O)=O,0.0017674011178314686
CC1CNCC(C)N1,0.0007506894180551171
CC1CNCCN1,0.000822858011815697
CC1COc2cc(F)cc3c(=O)ccn1c23,0.0033651876728981733
CC1OCC(O)C(N)C1O,0.0007666909950785339
CC1OCCC1O,0.0008180883014574647
CC1Sc2cc(=O)c3cc(F)ccc3n21,0.00578820938244462
CC1c2cccc(O)c2C(=O)C2=C(O)C3(O)C(=O)C(C(N)=O)=C(O)CC3C(O)C21,0.299572616815567
CC=O,0.004942538216710091
CCC,0.0016736217075958848
CCC(=N)N,0.0009248750284314156
CCC(=O)O,0.0013252550270408392
CCC(C)O,0.0008681367617100477
CCC(C=O)CC,0.0008834219770506024
CCC=O,0.002116368617862463
CCCC,0.0011916693765670061
CCCC#N,0.0009609247790649533
CCCC(=O)O,0.0008845736738294363
CCCC(=O)[C@@H](C)[C@@H](O)CC,0.0006292916368693113
CCCC(C)C(O)CC=O,0.0007673963555134833
CCCC(O)CC,0.0006837665569037199
CCCC=O,0.0013951730215921998
CCCCC,0.0010011284612119198
CCCCC(=O)O,0.000728523067664355
CCCCC(C)CC,0.0008085884037427604
CCCCC(O)CC=O,0.0007834839634597301
CCCCC=O,0.0010492694564163685
CCCCCC,0.0008900032262317836
CCCCCC(C)C,0.0007593876216560602
CCCCCCCC=O,0.0007385467761196196
CCCCCCCCC(=O)O,0.0006188086117617786
CCCCCCCCCC,0.0009000280406326056
CCCCCCCCCCCC,0.001103922608308494
CCCCCCCCCCCCC,0.001265171216800809
CCCCCCCCCCCCCC,0.001451824326068163
CCCCCCCCCCCCCCCC,0.0019412998808547854
CCCCCCCCCCCCCCCC=O,0.0009757487569004297
CCCCCCCCN=c1cc[nH]cc1,0.0010993808973580599
CCCCCCO,0.0007030314300209284
CCCCN,0.0009274212643504143
CCCCO,0.0008832080638967454
CCCC[C@@H](C)CCC,0.0008318626205436885
CCCC[C@H](C)O,0.0006800871342420578
CCCC[C@H](N)C(=O)O,0.0006004822789691389
CCCC[P+](C)(CCCC)CCCC,0.0008637727005407214
CCCN,0.0011680892203003168
CCCO,0.0011530568590387702
CCC[C@H](C)C(=O)[O-],0.0006835917592979968
CCF,0.002168776234611869
CCN,0.0017763866344466805
CCN(O)c1nc(C#N)c(Cl)s1,0.010878403671085835
CCN1C(=O)c2cccc(O)c2Nc2c(O)cc(O)cc21,0.002286560134962201
CCNN,0.0023922594264149666
CCO,0.0018581704935058951
CCS(=O)(=O)CC,0.0009554650168865919
CCS(=O)(=O)[C@@H]1CCN2C(=O)c3coc(n3)CC(=O)C[C@H](O)/C=C(C)/C=C/CNC(=O)/C=C/[C@@H](C)COC(=O)[C@@H]12,0.002309769857674837
CC[C@@H](C)O,0.0008681367617100477
CC[C@H](C)C=O,0.0010560955852270126
CC[C@H](C)C[C@H](C)CCCCCCCCC=O,0.0009867456974461675
CC[C@H](C)O,0.0008681367617100477
CC[C@H](N)CO,0.0008166087791323662
CN,0.004006605129688978
CN(C)Cl,0.010764339938759804
CN(C)N=Nc1cnc[nH]1,0.0013415032299235463
CN(C)[C@@H]1C(O)=C(C=O)C(=O)[C@@]2(O)C(O)=C3C(=O)c4c(O)cccc4[C@@](C)(O)[C@H]3C[C@@H]12,0.14997519552707672
CN(C=O)N=O,0.06393155455589294
CN(C=O)[NH2+][O-],0.0671825259923935
CN(c1ccon1)P(=O)(O)O,0.004564440343528986
CN(c1ccon1)P(=O)([O-])O,0.0039255376905202866
CN1C(=O)[C@]23CC4=CC=C[C@H](O)[C@H]4N2C(=O)[C@@H]1SS3,0.1820252686738968
CN1C(=O)[C@]23C[C@@]4([C@]56C[C@@]78SS[C@@H](C(=O)N7[C@@H]5Nc5ccccc56)N(C)C8=O)c5ccccc5N[C@H]4N2C(=O)[C@H]1SS3,0.00581135880202055
CN1CCCC1,0.0009097344009205699
CN1CCN(C2Cc3ccccc3Sc3ccccc32)CC1,0.0022638083901256323
CN1CCNC=N1,0.001094246399588883
CN1CCNCC1,0.0008724128128960729
CN1CCOCC1,0.0007984833791851997
CN1COc2cc(F)cc3c(=O)ccn1c23,0.004910130985081196
CN1[C@@H]2CCC[C@H]1CC2,0.000758517999202013
CNC,0.0018791330512613058
CNCN,0.001636149943806231
CO,0.004084390588104725
CO/N=C(\C=O)c1ccco1,0.0018458501435816288
CO/N=C(\C=O)c1csc(N)n1,0.0027684166561812162
CO/N=C(\C=O)c1nsc(N)n1,0.005199221894145012
CO/N=C1/CCNC1,0.0007951834704726934
CO/N=C1/[C@H](C)C[C@@](C)(O)C[C@@H](C)C[C@@H](C)C(=O)OC[C@@](C)(O)[C@H](O)[C@H]1C,0.0016164513071998954
COC1=C(N)C(=O)c2ncccc2C1=O,0.008311103098094463
CON(C)C,0.0012470106594264507
CON=C(C=O)c1ccco1,0.0019876211881637573
CON=C(C=O)c1csc(N)n1,0.003453996265307069
CON=C1CCNC1,0.0007415444706566632
COP(O)(=S)OC,0.01101505383849144
CO[C@@H]1[C@@H](O)[C@@H](O)COC1(C)C,0.0007270532078109682
CO[C@@H]1[C@@H](O)[C@@H](O)[C@@H](Oc2ccc3c(O)c(N)c(=O)oc3c2C)OC1(C)C,0.01201500091701746
CS,0.006978082936257124
CS(=O)(=O)N1CCNC1=O,0.001285398262552917
CS(=O)(=O)O,0.003862026147544384
CS(=O)(=O)[O-],0.004371345043182373
CS(=O)(=O)c1ccccc1,0.0011857227655127645
CS(C)(=O)=O,0.0030950410291552544
C[C@@H](N)C=O,0.0018103854963555932
C[C@@H](N)CC[C@H](N)C(=O)O,0.0005822980310767889
C[C@@H](O)CC=O,0.0013963062083348632
C[C@@H](O)CCN,0.0007265381282195449
C[C@@H](O)[C@@H](O)[C@H](O)[C@H](O)CO,0.0007047833641991019
C[C@@H]1C/C=C/C=C/C=C/C=C/CC[C@H]2C[C@@H](O)C[C@@](O)(C[C@@H](O)C[C@H]3O[C@@H]3/C=C/C(=O)O1)O2,0.0006958129233680665
C[C@@H]1C/C=C/C=C/[C@H](O)[C@H](C)CCCCCCC(=O)O1,0.0012675640173256397
C[C@@H]1C/C=C/C=C/[C@H](O)[C@H](C)CCCC[C@H](O)CC(=O)O1,0.001495392993092537
C[C@@H]1C/C=C\C=C/[C@H](O)[C@H](C)CCCCCCC(=O)O1,0.0011485127033665776
C[C@@H]1CC(=O)NCC(=O)N2CCC[C@H]2C(=O)N(C)CC(=O)N2CCC(=O)C[C@H]2C(=O)NCC(=O)O1,0.0045140632428228855
C[C@@H]1CC(=O)[C@]2(O)O[C@@H]3C[C@@H](O)C[C@H](O)[C@H]3O[C@@H]2O1,0.01588994264602661
C[C@@H]1CCCCO1,0.0007697714027017355
C[C@@H]1CCC[C@@H](C)[C@H](O)CC(=O)OC[C@@H](C)[C@@H]2O[C@@]2(C)/C=C/C1=O,0.00217949110083282
C[C@@H]1CCO[C@@H](C)C1,0.0006582427304238081
C[C@@H]1CCO[C@@H](C)[C@@H]1O,0.0007136855274438858
C[C@@H]1CCO[C@@H](C)[C@@]1(C)O,0.000688257219735533
C[C@@H]1CCO[C@@H](C)[C@@]12CO2,0.000647692708298564
C[C@@H]1CCO[C@@H](C)[C@H]1O,0.0007136855274438858
C[C@@H]1CCO[C@@H](C)[C@]12CO2,0.000647692708298564
C[C@@H]1CC[C@@H](O)CO1,0.0007357508293353021
C[C@@H]1CC[C@]2(OC1)OC[C@H](C)C[C@H]2C,0.0007151148747652769
C[C@@H]1CN2C(=O)C[C@H]2S1(=O)=O,0.0017674011178314686
C[C@@H]1CN2c3c(cc4cnoc4c3F)CC3(C(=O)NC(=O)NC3=O)[C@H]2[C@H](C)O1,0.01934702694416046
C[C@@H]1CNC[C@H](C)C1,0.0007481755455955863
C[C@@H]1CNC[C@H](C)N1,0.0007506894180551171
C[C@@H]1CO[C@]2(C=C[C@@H](O)[C@]3(CC[C@@](C)([C@H]4CC[C@@H](O)[C@H](C)O4)O3)O2)[C@H](C)C1,0.0011337470496073365
C[C@@H]1C[C@@H](C)C(=O)OC[C@@](C)(O)[C@H](O)[C@@H](C)C(=O)[C@H](C)C[C@@](C)(O)C1,0.0027575965505093336
C[C@@H]1C[C@@H](C)C(=O)[C@@H](C)C(=O)OC[C@@]2(C)OC(=O)[C@@H](/C(N)=N/O)[C@@H]2[C@@H](C)C(=O)[C@H](C)C1,0.004697396419942379
C[C@@H]1C[C@@H](C)C(=O)[C@H](C)[C@H]2NC(=O)O[C@]2(C)COC(=O)[C@@](C)(F)C(=O)[C@H](C)C1,0.005847088526934385
C[C@@H]1C[C@@H](C)C[C@@]2(CO2)C(=O)[C@H](C)C[C@@H](C)[C@@H](C)OC(=O)[C@H](C)C1,0.0015043881721794605
C[C@@H]1C[C@@H](C)C[C@@]2(CO2)C(=O)[C@H](C)[C@@H](O)[C@@H](C)[C@@H](C)OC(=O)[C@H](C)C1,0.002358091529458761
C[C@@H]1C[C@@H]2O[C@H]2/C=C/[C@H](O)[C@H](C)CCCCCCC(=O)O1,0.0012851045466959476
C[C@@H]1C[C@H](C)C(=O)OC[C@](C)(O)[C@@H](O)[C@H](C)C(=O)[C@@H](C)C[C@H](C)[C@H]1O,0.004628763534128666
C[C@@H]1C[C@H](C)C[C@@H](C)C(=O)[C@H](C)[C@@H](O)[C@](C)(O)COC(=O)[C@H](C)C1,0.0021045596804469824
C[C@@H]1C[C@H](C)[C@@H]([C@H]2CC[C@H]([C@]3(C)CC[C@H]([C@]4(C)CC[C@]5(C[C@H](O)[C@@H](C)CO5)O4)O3)O2)O[C@]1(C)O,0.0008731073467060924
C[C@@H]1C[C@H](C)[C@@H]([C@H]2C[C@H](C)[C@H]([C@]3(C)CC[C@H]([C@]4(C)CC[C@]5(C[C@H](O)[C@@H](C)CO5)O4)O3)O2)O[C@@H]1O,0.0010736272670328617
C[C@@H]1C[C@H](O)CCO1,0.0007640291005373001
C[C@@H]1C[C@H]2O[C@H]2/C=C/C(=O)[C@H](C)CCCCCCC(=O)O1,0.0017133327201008797
C[C@@H]1Cn2c(=O)ccc3ncc(=O)n1c32,0.003536468604579568
C[C@@H]1NC(=O)[C@@H](N)CNC(=O)[C@H](C2CCNC(=N)N2)NC(=O)/C(=C/N)NC(=O)CNC1=O,0.004217825829982758
C[C@@H]1OCCC[C@@H]1O,0.0007749053183943033
C[C@@H]1OCCC[C@H]1O,0.0007748737116344273
C[C@@H]1OCC[C@@H]1O,0.0008183103636838496
C[C@@H]1OCC[C@@](C)(O)[C@H]1O,0.0007004091748967767
C[C@@H]1OCC[C@@]1(O)C=O,0.0014138554688543081
C[C@@H]1[C@H](O)CC[C@@]2(C)[C@@H]1CC[C@@]1(C)[C@H]2[C@H](O)C[C@H]2CCC[C@@]21C,0.0009181587374769151
C[C@@H]1[C@H](O)CC[C@@]2(C)[C@H]1CC[C@@]1(C)[C@H]2[C@H](O)C[C@H]2CCC[C@@]21C,0.0009181587374769151
C[C@@H]1[C@H](O)CC[C@]2(C)[C@H]3[C@H](O)C[C@H]4CCC[C@]4(C)[C@@]3(C)CC[C@@H]12,0.0009181846398860216
C[C@@H]1[C@H](O)[C@@H](C)/C=C/C=C/C=C/C=C/C=C/C=C/C=C/CC[C@H]2C[C@@H](O)C[C@@](O)(C[C@@H](O)C[C@@H](O)[C@H](O)CC[C@@H](O)C[C@@H](O)CC(=O)O[C@H]1C)O2,0.0017910508904606104
C[C@@H]1[C@H](O)[C@@H](C)/C=C/C=C/CC/C=C/C=C/C=C/C=C/CC[C@H]2C[C@@H](O)C[C@@](O)(C[C@@H](O)[C@H](O)CC[C@@H](O)C[C@@H](O)C[C@@H](O)CC(=O)O[C@H]1C)O2,0.0017634305404499173
C[C@@]1(O)c2c(Cl)ccc(O)c2C(=O)C2=C(O)[C@]3(O)C(=O)C(C(N)=O)=C(O)C[C@@H]3C[C@@H]21,0.2532415986061096
C[C@@]1(O)c2c(Cl)ccc(O)c2C(=O)C2=C(O)[C@]3(O)C(=O)C(C=O)=C(O)C[C@@H]3C[C@@H]21,0.05829045549035072
C[C@@]1(O)c2c(Cl)ccc(O)c2C(=O)C2=C([O-])[C@]3(O)C(=O)C(C(N)=O)=C([O-])C[C@@H]3C[C@@H]21,0.19047880172729492
C[C@@]1(O)c2c(Cl)ccc(O)c2C(=O)[C@@H]2C(=O)[C@]3(O)C(=O)CC(=O)C[C@@H]3C[C@@H]21,0.030220989137887955
C[C@@]1(O)c2cccc(O)c2C(=O)C2=C(O)[C@]3(O)C(=O)C(C(N)=O)=C(O)C[C@@H]3C[C@@H]21,0.24364641308784485
C[C@@]1(O)c2cccc(O)c2C(=O)C2=C(O)[C@]3(O)C(=O)C(C(N)=O)=C(O)C[C@@H]3[C@@H](O)[C@@H]21,0.1847466379404068
C[C@@]1(O)c2cccc(O)c2C(=O)C2=C(O)[C@]3(O)C(=O)C(C(N)=O)=C([O-])C[C@@H]3[C@@H](O)[C@@H]21,0.1660340279340744
C[C@@]1(O)c2cccc(O)c2C(=O)C2=C(O)[C@]3(O)C(=O)C(C=O)=C(O)C[C@@H]3C[C@@H]21,0.029228171333670616
C[C@@]1(O)c2cccc(O)c2C(=O)[C@H]2C(=O)[C@]3(O)C(=O)CC(=O)C[C@@H]3C[C@@H]21,0.014558828435838223
C[C@@]12CCC[C@H]1[C@@H]1[C@H](O)C[C@H]3CCCC[C@]3(C)[C@H]1CC2,0.0008285012445412576
C[C@H](C=O)N=C(N)N,0.0007883321959525347
C[C@H](CO)[C@H](N)C=O,0.0009450206998735666
C[C@H](N)C=O,0.0018103854963555932
C[C@H]1C(S)=C(C(=O)O)N2C(=O)C[C@@H]12,0.00517659867182374
C[C@H]1C(S)=C(C(=O)[O-])N2C(=O)C[C@@H]12,0.007431133650243282
C[C@H]1C(S)=C(C=O)N2C(=O)C[C@@H]12,0.003857995383441448
C[C@H]1C/C=C/C=C/C[C@@H](C)OC(=O)CCCCCC1,0.0010632672347128391
C[C@H]1C/C=C/C=C/C[C@@H](C)OC(=O)C[C@@H](O)CCCC1,0.0011046910658478737
C[C@H]1C=C(c2cscn2)CN1,0.000796944776084274
C[C@H]1CC(=O)N1O,0.0015496669802814722
C[C@H]1CC(=O)N1S(=O)(=O)O,0.012729699723422527
C[C@H]1CCCCO1,0.0007697714027017355
C[C@H]1CCCOC1,0.000725609133951366
C[C@H]1CCCO[C@H]1O,0.0008232186664827168
C[C@H]1CC[C@@]2(C[C@@H]3OC(=O)/C=C/[C@H](C)[C@@H](O)[C@H](C)C(=O)[C@H](C)[C@@H](O)[C@H](C)C(=O)[C@](C)(O)[C@@H](O)[C@H](C)C/C=C/C=C/CCC[C@H](O2)[C@H]3C)OC1,0.0032904213294386864
C[C@H]1CNC(=O)c2ccccc2OC1,0.0008360724314115942
C[C@H]1CN[C@H](C)[C@@H](O)[C@](C)(O)COC(=O)[C@H](C)C[C@H](C)C[C@](C)(O)C1,0.0037614230532199144
C[C@H]1COC(=O)N1,0.0009068406652659178
C[C@H]1COc2cc(F)cc3c(=O)ccn1c23,0.0033651876728981733
C[C@H]1C[C@@H](C)C(=O)/C=C/[C@@H]2O[C@H]2[C@@H](O)COC(=O)/C=C/[C@H](C)C1,0.002444835379719734
C[C@H]1C[C@@H](C)C(=O)OC[C@@](C)(O)[C@@H]2OCN[C@H]([C@@H]2C)[C@H](C)C[C@@](C)(O)C1,0.0018311768071725965
C[C@H]1C[C@@H](C)C(=O)OC[C@@](C)(O)[C@H](O)[C@@H](C)/C(=N/OCO)[C@H](C)C[C@@](C)(O)C1,0.0015565786743536592
C[C@H]1C[C@@H](C)C(=O)OC[C@@](C)(O)[C@H](O)[C@@H](C)C(=O)[C@@](C)(F)C[C@@](C)(O)C1,0.0029123120475560427
C[C@H]1C[C@@H](C)C(=O)OC[C@@](C)(O)[C@H](O)[C@@H](C)C(=O)[C@H](C)C[C@@](C)(O)C1,0.0027575965505093336
C[C@H]1C[C@@H](C)C(=O)OC[C@@](C)(O)[C@H](O)[C@@H](C)CN[C@H](C)C[C@@](C)(O)C1,0.00234519992955029
C[C@H]1C[C@@H](C)C(=O)OC[C@@](C)(O)[C@H](O)[C@@H](C)N(C)C[C@H](C)C[C@@](C)(O)C1,0.0022020433098077774
C[C@H]1C[C@@H](C)C(=O)OC[C@H](C)[C@H](O)[C@@H](C)C(=O)[C@H](C)C[C@@](C)(O)C1,0.00210613664239645
C[C@H]1C[C@@H](C)C(=O)[C@@H](C)C(=O)OC[C@@]2(C)OC(=O)N[C@@H]2[C@@H](C)C(=O)[C@H](C)C1,0.0061440858989953995
C[C@H]1C[C@](C)(O)CCO1,0.0006691721500828862
C[C@H]1Cn2cc([N+](=O)[O-])nc2O1,0.03110525943338871
C[C@H]1NCc2ccccc21,0.0008011364843696356
C[C@H]1OCCC[C@@H]1O,0.0007748737116344273
C[C@H]1OCC[C@@H](N)[C@@H]1O,0.00075295171700418
C[C@H]1OC[C@@H](O)[C@@H](N)[C@@H]1O,0.0007666223682463169
C[C@H]1OC[C@H](O)C[C@@H]1O,0.0007558406796306372
C[C@H]1[C@H](O)CCO[C@H]1O,0.0008434225455857813
C[C@H]1c2cccc(O)c2C(=O)C2=C(O)[C@]3(O)C(=O)C(C(N)=O)=C(O)C[C@@H]3[C@@H](O)[C@@H]21,0.30141693353652954
C[C@H]1c2cccc(O)c2C(=O)C2=C(O)[C@]3(O)C(=O)CC(=O)C[C@@H]3[C@@H](O)[C@@H]21,0.020803166553378105
C[C@H]1c2cccc([O-])c2C(=O)C2=C(O)[C@]3(O)C(=O)C(C(N)=O)=C(O)C[C@@H]3[C@@H](O)[C@@H]21,0.2878248989582062
C[C@]1(O)COC[C@H](O)C1,0.0006860561552457511
C[C@]1(O)c2cccc(O)c2C(=O)C2=C(O)[C@]3(O)C(O)=C(C(N)=O)C(=O)C[C@@H]3C[C@@H]21,0.20157396793365479
C[CH2][Hg][SH],0.23087657988071442
C[NH+](C)C,0.001358719076961279
C[NH+]1CCCC1,0.0009421061258763075
C[NH2+]C,0.001978068146854639
C[NH3+],0.003788424888625741
C[S+]([O-])c1nc2ccccc2[nH]1,0.0017241352470591664
C[n+]1cc[nH]c1,0.0011358503252267838
C[n+]1cc[nH]n1,0.0015159095637500286
C[n+]1ccccc1,0.001507468638010323
Cc1c(F)ccc2[nH]ccc(=O)c12,0.002321433974429965
Cc1c[nH]c(=O)[nH]c1=O,0.002204079879447818
Cc1cc(=O)cc[nH]1,0.001898083370178938
Cc1cc(C)ncn1,0.001136378850787878
Cc1cc(O)c(C=O)c(O)c1,0.0023715822026133537
Cc1cc(O)ccn1,0.0013107439735904336
Cc1cc[nH]c1,0.0011462937109172344
Cc1ccc(C=O)[nH]1,0.001429797033779323
Cc1ccc([N+](=O)[O-])o1,0.019378360360860825
Cc1ccc2c(=O)cc[nH]c2n1,0.0013610157184302807
Cc1ccc[nH]1,0.0010802950710058212
Cc1cccc2c(=O)cc[nH]c12,0.001550669432617724
Cc1cccc2c(O)cc(=O)oc12,0.0029201535508036613
Cc1cccc2c([O-])cc(=O)oc12,0.002999104792252183
Cc1cccc2c1OC(=O)CC2,0.0009311052854172885
Cc1cccc2ccc(=O)oc12,0.004477072972804308
Cc1ccccc1,0.0012436213437467813
Cc1cccnc1,0.0014711569529026747
Cc1ccn(O)c(=O)c1,0.01492259744554758
Cc1ccncn1,0.0019654021598398685
Cc1ccno1,0.0025680081453174353
Cc1cncc(N)c1,0.000992820132523775
Cc1coc(=O)o1,0.0017973431386053562
Cc1conc1C,0.0015110811218619347
Cc1cscn1,0.0024161003530025482
Cc1nc2ccccc2[nH]1,0.000846219016239047
Cc1ncc([N+](=O)[O-])[nH]1,0.006207114085555077
Cc1nncs1,0.003535967320203781
Cc1scc2c1Nc1ccccc1NC2=O,0.006947539746761322
Clc1cc[nH]c1,0.003010703483596444
Clc1ccc(Cl)c(Cl)c1,0.005959987174719572
Clc1ccc(Cl)cc1,0.0038125552237033844
Clc1ccc2c(c1)Cc1ccccc1S2,0.0019416348077356815
Clc1cccc(Cl)c1,0.004369007423520088
Clc1cccc2ncccc12,0.009725198149681091
Clc1ccccc1,0.0034105503000319004
Clc1cncnc1,0.007915178313851357
Cn1c(=O)nc2[nH]ncnc-2c1=O,0.021530069410800934
Cn1cc(N)cc1C=O,0.0012350836768746376
Cn1ccc2ccccc21,0.001072346931323409
Cn1cccc1,0.0010779817821457982
Cn1cccc1C=O,0.0013946580002084374
Cn1cccn1,0.0013089051935821772
Cn1ccnc1,0.0010697117540985346
Cn1cnc(=O)c(O)n1,0.004877352621406317
Cn1cnc(=O)c([O-])n1,0.007714095991104841
Cn1cncc1[N+](=O)[O-],0.007575501222163439
Cn1cnnn1,0.0022615203633904457
Cn1ncnn1,0.002974143950268626
Cn1sc(=O)[nH]c1=O,0.034877464175224304
FC(F)F,0.0037381744477897882
FC(F)S,0.005809208378195763
FC1CC1,0.001661895657889545
Fc1ccc(F)c(F)c1,0.0040419865399599075
Fc1cccc(Cl)c1,0.005684108007699251
Fc1cccc(F)c1,0.0029103460256010294
Fc1cccc(F)c1C1=CCNCC1,0.0009002190781757236
Fc1ccccc1,0.0024071885272860527
N,0.00500505929812789
N#C[C@H]1CN2CCC1CC2,0.0007469119736924767
N/C=N/c1ccc2ccccc2c1,0.00075616838876158
N=C(N)N,0.001957541797310114
N=C(N)NC(=N)N,0.001507313339971006
N=C(N)NC(=N)N1CCN(CN)CC1,0.0006418342236429453
N=C(N)NC(=N)Nc1ccc(Cl)cc1,0.0015494071412831545
N=C(N)NCCCCC=O,0.0006678945501334965
N=C1NCCC([C@@H]2NC(=O)/C(=C/N)NC(=O)CNC(=O)CNC(=O)[C@@H](N)CNC2=O)N1,0.00609864667057991
N=CN,0.003737787716090679
NC(=O)C(C(=O)O)=C1SCS1,0.004324042703956366
NC(=O)C1=C(O)CC2CC3C(=C(O)C2(O)C1=O)C(=O)c1c(O)ccc(Cl)c1C3O,0.2821773290634155
NC(=O)C1=C(O)CC2CC3Cc4cccc(O)c4C(=O)C3=C(O)C2(O)C1=O,0.1982668936252594
NC(=O)C1=C(O)C[C@@H]2C[C@@H]3Cc4c(F)ccc(O)c4C(=O)C3=C(O)[C@]2(O)C1=O,0.2434621900320053
NC(=O)C1=C(O)C[C@@H]2C[C@@H]3Cc4c([N+](=O)[O-])ccc(O)c4C(=O)C3=C(O)[C@]2(O)C1=O,0.07269531488418579
NC(=O)C1=C(O)C[C@@H]2C[C@@H]3Cc4ccc(N)c(O)c4C(=O)C3=C(O)[C@]2(O)C1=O,0.1666729897260666
NC(=O)C1=C(O)C[C@@H]2C[C@@H]3Cc4cccc(O)c4C(=O)C3=C(O)[C@]2(O)C1=O,0.1982668936252594
NC(=O)C1=C(O)C[C@@H]2C[C@H]3C(=C(O)[C@]2(O)C1=O)C(=O)c1c(O)ccc(Cl)c1[C@H]3O,0.28217750787734985
NC(=O)C1=C(O)C[C@@H]2C[C@H]3C(=C(O)[C@]2(O)C1=O)C(=O)c1c(O)cccc1[C@H]3O,0.20101569592952728
NC(=O)C1=C(O)[C@@]2(O)C(=O)[C@H]3C(=O)c4c(O)cccc4C[C@H]3C[C@H]2CC1=O,0.06694713234901428
NC(=O)C1=C(O)[C@]2(O)C(=O)[C@H]3C(=O)c4c(O)cccc4C[C@@H]3C[C@@H]2CC1=O,0.06694713234901428
NC(=S)N1CCNCC1,0.0007584340637549758
NC(=S)S,0.002379280747845769
NC(=S)c1ccncc1,0.0028438589069992304
NC(CCCC=O)C(=O)[O-],0.0007369143422693014
NC(N)=NC1CCCCC1,0.0006369673064909875
NC(N)=N[C@@H]1[C@@H](O)[C@H](N=C(N)N)C[C@H](O)[C@H]1O,0.0020679249428212643
NC1=C(C(=O)O)C(=O)[C@@H](O)CC1=O,0.0053964839316904545
NC1=NCCN1,0.00345047190785408
NC1=NC[C@@H](CO)N1,0.002011743141338229
NC1C(=O)NC2C(=O)NC(C(=O)N[C@@H](C=O)c3cc(O)cc(O)c3-c3cc2ccc3O)C(O)c2ccc(c(Cl)c2)Oc2cc1ccc2O,0.0008567988406866789
NC1C(O)COCC1O,0.0008438242366537452
NC1CC(N)CC(O)C1,0.0006853853119537234
NC1CC1,0.001264550955966115
NC1CCCC(O)C1,0.0007447653915733099
NC1CCNC1,0.0009049722575582564
NC1CCNCC1,0.0008786863181740046
NC1COCC(O)C1O,0.0008362900116480887
NC=O,0.006600134540349245
NCC1=CC[C@@H](N)CO1,0.0006868526106700301
NCC=O,0.003341655945405364
NCCC(O)C=O,0.0012718812795355916
NCCCC(N)CC=O,0.0007105432450771332
NCCCC=O,0.0010405356297269464
NCCCO,0.0009489594376645982
NCCO,0.0012626253301277757
NCC[C@H](N)C=O,0.0009150495752692223
NCC[C@H](O)C=O,0.0012718812795355916
NCN,0.0028622427489608526
NCN1CCCC1,0.000811274629086256
NCN1CCCCC1,0.000798112596385181
NCN1CCNCC1,0.0008046187576837838
NCO,0.0030154073610901833
NCS(=O)[O-],0.0464639812707901
NC[C@H](O)C=O,0.002023093868046999
NC[C@H]1OB(O)c2ccccc21,0.005150916054844856
NCc1ccccc1,0.0008920615073293447
NNC=O,0.09975621104240417
NS(=O)(=O)N1CCN(NC=O)C1=O,0.0024435182567685843
NS(=O)(=O)c1ccccc1,0.0014590572100132704
NS(N)(=O)=O,0.004365656990557909
N[C@@H](C=O)C1=CCC=CC1,0.0007730326615273952
N[C@@H](CCC=O)C(=O)O,0.0008682702900841832
N[C@@H]1CCCCNC1,0.0007355438428930938
N[C@@H]1CCCOC1,0.0007742010639049113
N[C@@H]1CCC[C@H](O)C1,0.0007447653915733099
N[C@@H]1CC[C@@H](O)C[C@H]1O,0.0007115210173651576
N[C@@H]1CC[C@@H](O)[C@H](N)C1,0.0007008160464465618
N[C@@H]1CNCC12CC2,0.0006789133767597377
N[C@@H]1COC[C@H](O)[C@H]1O,0.0008362118969671428
N[C@@H]1C[C@H](N)C[C@@H](O)C1,0.0006853853119537234
N[C@@H]1C[C@H](N)C[C@H](O)C1,0.0006853853119537234
N[C@@H]1C[C@H](O)CC[C@H]1O,0.0007071065483614802
N[C@@H]1[C@H]2CNC[C@@H]12,0.000766703684348613
N[C@H]1CCC[C@@H](O)C1,0.0007447653915733099
N[C@H]1CCNC1,0.0009049722575582564
N[C@H]1COC2C(C1)OCC[C@H]2O,0.0007309188949875534
N[C@H]1COCC[C@@H]1O,0.0008198871510103345
N[C@H]1COC[C@@H](O)C1,0.0007340048905462027
N[C@H]1COC[C@@H](O)[C@@H]1O,0.0008360078209079802
N[C@H]1C[C@@H](N)[C@H](O)[C@@H](O)C1,0.0007526699337176979
N[C@H]1[C@H](O)COC[C@@H]1O,0.0008439322118647397
Nc1c(F)cc(F)c2[nH]ccc(=O)c12,0.006902622990310192
Nc1cc(C(F)(F)F)cc(N)c1O[C@@H]1CCNC1,0.0019566642586141825
Nc1cc[nH]c(=O)n1,0.0030998350121080875
Nc1ccc([SH](=O)=O)cc1,0.00177199044264853
Nc1ccc2c(N)c3ccccc3nc2c1,0.0031911656260490417
Nc1cccc(O)c1,0.0013724714517593384
Nc1ccccc1,0.001289710751734674
Nc1ccnc(N)n1,0.0023256326094269753
Nc1nc(/C(C=O)=N/O)cs1,0.00855568889528513
Nc1nc(/C(C=O)=N/O)ns1,0.02463839016854763
Nc1nc(/C(C=O)=N\O)cs1,0.004731561988592148
Nc1nc(/C(C=O)=N\O)ns1,0.011172797530889511
Nc1nc(C(C=O)=NO)cs1,0.004931172356009483
Nc1nc2ccccc2c2[nH]cnc12,0.00176994560752064
Nc1nc[nH]c(=O)n1,0.003313835244625807
Nc1ncc(F)cc1F,0.0028942148201167583
Nc1ncccn1,0.0037191249430179596
Nc1nccs1,0.0026410857681185007
Nc1ncnc2[nH]cnc12,0.001588610582984984
Nc1nnco1,0.0024784782435745
O,0.006085904315114021
O=C(O)C1=C(C[n+]2ccccc2)CS[C@@H]2CC(=O)N12,0.028117597103118896
O=C(O)C1=C(C[n+]2ccn3ncccc32)CS[C@@H]2CC(=O)N12,0.05649959295988083
O=C(O)C1=C(Cl)CC[C@@H]2CC(=O)N12,0.013437670655548573
O=C(O)C1=C(Cl)CSC2CC(=O)N12,0.012776770628988743
O=C(O)C1=C(Cl)CS[C@@H]2CC(=O)N12,0.012776770628988743
O=C(O)C1=C(S)CS[C@@H]2CC(=O)N12,0.009150090627372265
O=C(O)C1=C(S)C[C@@H]2CC(=O)N12,0.008848963305354118
O=C(O)C1=C(S)S[C@@H]2CC(=O)N12,0.00828503631055355
O=C(O)C1=C([C@H]2CCCO2)S[C@@H]2CC(=O)N12,0.005889310967177153
O=C(O)C1=CCSC2CC(=O)N12,0.004620333202183247
O=C(O)C1=CCS[C@@H]2CC(=O)N12,0.004620333202183247
O=C(O)CO,0.002096370793879032
O=C(O)[C@H](O)[C@@H](O)C[C@H](O)CO,0.0006943686748854816
O=C([O-])C1=C(C[n+]2cccc3c2CCC3)CS[C@@H]2CC(=O)N12,0.011122256517410278
O=C([O-])C1=C(C[n+]2ccccc2)CSC2CC(=O)N12,0.03270246833562851
O=C([O-])C1=C(C[n+]2ccccc2)CS[C@@H]2CC(=O)N12,0.03270246833562851
O=C([O-])C1=C(S)CS[C@@H]2CC(=O)N12,0.013804364949464798
O=C/C(=N\O)c1nsc(NP(=O)([O-])O)n1,0.017681218683719635
O=C1C=CNCC1,0.0015837704995647073
O=C1CC(=O)NN1,0.002007628558203578
O=C1CC(=O)[C@@]2(O)C(=O)[C@@H]3C(=O)c4c(O)ccc(F)c4C[C@H]3C[C@H]2C1,0.014608606696128845
O=C1CC(=O)[C@@]2(O)C(=O)[C@@H]3C(=O)c4c(O)cccc4C[C@H]3C[C@H]2C1,0.015645837411284447
O=C1CC(=O)[C@@]2(O)C(=O)[C@H]3C(=O)c4c(O)ccc(Cl)c4[C@@H](O)[C@H]3C[C@H]2C1,0.025579290464520454
O=C1CC(=O)[C@@]2(O)C(=O)[C@H]3C(=O)c4c(O)cccc4C[C@H]3C[C@H]2C1,0.015645837411284447
O=C1CC2(CCCC2)CC(=O)N1,0.0009134954889304936
O=C1CC2OCCN12,0.0012679500505328178
O=C1CCCN1,0.0011579080019146204
O=C1CCCNC(=O)CNC(=O)CNC(=O)CNC(=O)CNC(=O)CNC(=O)CN1,0.0009245459805242717
O=C1CCN1,0.0017091012559831142
O=C1CCN1S(=O)(=O)O,0.049193814396858215
O=C1CCN1S(=O)(=O)[O-],0.0255146324634552
O=C1CCNc2ccc(F)cc21,0.0015535240527242422
O=C1CCO1,0.0019538647029548883
O=C1CCO[C@H]2O[C@@H]3[C@@H](O)C[C@H](O)C[C@H]3O[C@@]12O,0.01241737324744463
O=C1CC[C@@H](O)CNC(=O)[C@@H]2[C@@H](O)CCN2C(=O)CNC(=O)CNC(=O)[C@@H]2C[C@@H](O)CN2C(=O)CN1,0.0016941827489063144
O=C1CCc2ccccc21,0.0013333102688193321
O=C1CN(/N=C/c2ccc([N+](=O)[O-])o2)C(=O)N1,0.142057403922081
O=C1CNC(=O)CNC(=O)CNC(=O)CNC(=O)CNC(=O)CN1,0.0009427709155716002
O=C1C[C@H]2OCCN12,0.0012679500505328178
O=C1N2CCC[C@H](C2)N1OS(=O)(=O)O,0.012898236513137817
O=C1NCCN1,0.0012672923039644957
O=C1NCCNC1=O,0.002007486531510949
O=C1NCCO1,0.0016128888819366693
O=C1NCNC12CCNCC2,0.0006671600858680904
O=C1NN=Cc2c[nH]c3cccc1c23,0.0028844065964221954
O=C1OC(O)c2ccccc21,0.004086661618202925
O=C1OCCN1/N=C/c1ccc([N+](=O)[O-])o1,0.1688806414604187
O=C1[O][Sb]2[O]CC3[O][Sb]([O]CC1[O]2)[O]C3=O,0.01899341680109501
O=C1c2cccc(O)c2C(=O)c2c(O)c3c(c(O)c21)C[C@H](O)C[C@@H]3O,0.0023491783067584038
O=CC(Cl)Cl,0.015352302230894566
O=CC1=C(S)S[C@@H]2CC(=O)N12,0.00886144395917654
O=CC1=C([C@H]2CCCO2)S[C@@H]2CC(=O)N12,0.0028994998428970575
O=CC1=CC(O)C(O)C(O)C1,0.0012392636854201555
O=CCC(=O)O,0.003132203361019492
O=CCC(=O)[O-],0.0034926338121294975
O=CCC=O,0.002937732031568885
O=CCCC(=O)O,0.0017538517713546753
O=CCCC(=O)[O-],0.0017760994378477335
O=CCCC=O,0.0014645741321146488
O=CCO,0.0040720002725720406
O=CCS(=O)(=O)[O-],0.007809758186340332
O=CN/N=C/c1c[n+]([O-])c2ccccc2[n+]1[O-],0.22148557007312775
O=CN/N=C/c1ccc([N+](=O)[O-])o1,0.22670108079910278
O=CNO,0.07359157502651215
O=CO,0.007426544092595577
O=CS,0.010428447276353836
O=C[C@@H](O)CO,0.0026149279437959194
O=C[O-],0.011301797814667225
O=Cn1c(=O)[nH]c2ccccc21,0.0043992153368890285
O=P(O)(O)O,0.03456277400255203
O=S(=O)(O)O,0.0053068408742547035
O=S(=O)(O)c1ccc(O)cc1,0.002115642186254263
O=S(=O)([O-])O,0.006676490418612957
O=S(=O)(c1ccccc1)c1ccccc1,0.0006579983164556324
O=[N+]([O-])c1cc([SH](=O)=O)ccc1Cl,0.03006322868168354
O=[N+]([O-])c1cccc2c1no[n+]2[O-],0.17611359059810638
O=[N+]([O-])c1ccccc1,0.007420461159199476
O=[N+]([O-])c1ccccc1Cl,0.0248093381524086
O=[N+]([O-])c1ccco1,0.040973372757434845
O=[N+]([O-])c1cccs1,0.04643191769719124
O=[N+]([O-])c1cn2c(n1)OCCC2,0.028542054817080498
O=[N+]([O-])c1cnc[nH]1,0.015962498262524605
O=[N+]([O-])c1cncs1,0.03502762317657471
O=[N+]([O-])c1ncc[nH]1,0.027305327355861664
O=c1[nH]c(=O)n(O)cc1F,0.029533671215176582
O=c1[nH]cc(F)c(=O)[nH]1,0.009585422463715076
O=c1[nH]cnc2[nH]cnc12,0.0035375298466533422
O=c1[nH]cnc2cc(Cl)ccc12,0.0036835717037320137
O=c1cc(O)c2c([nH]1)CCCC2,0.001574771711602807
O=c1cc(O)cc[nH]1,0.004434256348758936
O=c1cc2oc3[c]([Hg+])c([O-])c(Br)cc3cc-2cc1Br,0.0028590625151991844
O=c1cc[nH]c(=O)[nH]1,0.004664647858589888
O=c1cc[nH]c2c(Cl)cc(F)cc12,0.011981534771621227
O=c1cc[nH]c2c(F)cc(F)c(F)c12,0.009173823520541191
O=c1cc[nH]c2c(F)cc(F)cc12,0.0039580827578902245
O=c1cc[nH]c2cc3c(cc12)OCO3,0.0017097461968660355
O=c1cc[nH]c2ccc(F)cc12,0.0028042281046509743
O=c1cc[nH]c2ccccc12,0.001756306504830718
O=c1cc[nH]c2ncc(F)cc12,0.003435942344367504
O=c1cc[nH]c2ncccc12,0.002437732182443142
O=c1cc[nH]c2ncncc12,0.004200244788080454
O=c1cc[nH]cc1O,0.008117824792861938
O=c1ccn2c3c(cc(F)cc13)SCC2,0.009802062064409256
O=c1cn[nH]c2cc3c(cc12)OCO3,0.003934717271476984
O=c1cnc2ccccc2o1,0.006082052364945412
O=c1nc[nH]c2[nH]cnc12,0.003228034358471632
OC(F)(F)F,0.0041295913979411125
OC(F)F,0.004039386752992868
OC12OC3OCC4(CO4)C3(O)OC1OCC21CO1,0.0013697254471480846
OC1CC(O)C(O)CO1,0.000960064644459635
OC1CCC(O)C(O)C1,0.0007558132638223469
OC1CCNCC1,0.0009087790967896581
OC1CCOC1,0.00091535784304142
OC1CCOCC1O,0.0008477504015900195
OC1CNC1,0.0011885283747687936
OC1COCC(O)C1O,0.0009442880400456488
OC1COCC1O,0.001054969266988337
OC1[C@@H](O)COC[C@@H]1O,0.0009439660934731364
OC1[C@H](O)COC[C@H]1O,0.0009439660934731364
OCCCF,0.0011582052102312446
OCCCO,0.0010897547472268343
OCCO,0.00141200702637434
OCO,0.003103096503764391
OC[C@@H]1NCC2(CNC2)c2c1[nH]c1ccccc21,0.0007410939433611929
OC[C@H]1NCC2(CCNCC2)c2c1[nH]c1ccccc21,0.0008588567143306136
O[C@@H]1CCCOC1,0.0008558885310776532
O[C@@H]1CCOC1,0.00091535784304142
O[C@@H]1CCOC[C@@H]1O,0.0008477504015900195
O[C@@H]1CC[C@@H](O)[C@H](O)C1,0.0007558132638223469
O[C@@H]1CNC=Nc2[nH]cnc21,0.0013226353330537677
O[C@@H]1COC[C@@H]1O,0.001054969266988337
O[C@@H]1COC[C@H]1O,0.001054969266988337
O[C@@H]1CO[C@@H](O)C[C@H]1O,0.0009604062070138752
O[C@@H]1C[C@@H](O)[C@H](O)CO1,0.000960064644459635
O[C@@H]1[C@@H](O)[C@]2(OC[C@@H]1O)O[C@H]1[C@@H](O)COC[C@H]1O2,0.005663422867655754
O[C@H]1CCOC1,0.00091535784304142
O[C@H]1CCOC[C@@H]1O,0.0008477504015900195
O[C@H]1CC[C@H](O)[C@@H](O)C1,0.0007558132638223469
O[C@H]1[C@H](O)COC[C@@H]1O,0.0009439660934731364
Oc1cc(Cl)c(Cl)cc1Cl,0.009373288601636887
Oc1ccc(Cl)c(O)c1Cl,0.009641829878091812
Oc1ccc(Cl)cc1,0.0035895328037440777
Oc1ccc(Cl)cc1Cl,0.008715614676475525
Oc1cccc(Cl)c1,0.004251295235008001
Oc1cccc(Cl)c1O,0.006267290096729994
Oc1cccc(O)c1,0.0017465318087488413
Oc1ccccc1,0.0018501387676224113
Oc1ccccc1O,0.0023197741247713566
Oc1cccnc1,0.0029322474729269743
S,0.006033295299857855
SC1=Nc2ccccc2N=C(c2ccccc2)C1,0.0020846910774707794
SS,0.011924754828214645
[N-]=[N+]=CC(=O)CCCC(=O)O,0.0017120031407102942
[N-]=[N+]=CC(=O)CCCC=O,0.00147922127507627
[N-]=[N+]=NC1CCOC1,0.006048531271517277
[N-]=[N+]=NCC=O,0.013318916782736778
[N-]=[N+]=N[C@H]1CCOC1,0.006048531271517277
[NH2-],0.005705127492547035
[NH4+],0.00468346057459712
[O-][S+]1CCCC1,0.002013291697949171
c1c[nH]cn1,0.001497946330346167
c1c[nH]nn1,0.0028491737321019173
c1cc2c(cn1)OCCC2,0.0010781107703223825
c1cc[nH]c1,0.0014724446227774024
c1ccc2[nH]ccc2c1,0.0016464516520500183
c1ccc2c(c1)CCC2,0.0009505982743576169
c1ccc2c(c1)COc1ccccc1C2,0.000699085183441639
c1ccc2c(c1)Nc1ccccc1S2,0.0018779691308736801
c1ccc2c(c1)OCO2,0.001510821864940226
c1ccc2cc3ncccc3cc2c1,0.0016764688771218061
c1ccc2ccccc2c1,0.0015568048693239689
c1ccc2nc3c(cc2c1)CCC3,0.0008406081469729543
c1ccc2ncccc2c1,0.002263783710077405
c1ccc2ncncc2c1,0.0026716524735093117
c1ccc2ocnc2c1,0.0021325265988707542
c1ccccc1,0.0018802554113790393
c1ccncc1,0.0025092519354075193
c1ccnnc1,0.004712548106908798
c1ccoc1,0.002081929938867688
c1ccsc1,0.003703633090481162
c1cn[nH]c1,0.0019346632761880755
c1cnccn1,0.0033367546275258064
c1cncnc1,0.003616445232182741
c1cnoc1,0.004952937364578247
c1cscn1,0.004569368436932564
c1nc[n+]2n1CCC2,0.0009396453970111907
c1ncc2nc[nH]c2n1,0.002216425258666277
c1nncs1,0.008964229375123978
c1nnn[nH]1,0.002827033866196871
